way_id,point_index,lat,lon
39341047,0,48.8951263,17.9682541
39341047,1,48.8947196,17.967346
39341047,2,48.8946244,17.9670294
39341047,3,48.8945875,17.9667497
39341047,4,48.8945445,17.9665202
39341047,5,48.8944951,17.9663133
39341047,6,48.8944139,17.966119
39341047,7,48.8942148,17.9657883
39341047,8,48.8941456,17.965677
39341047,9,48.8940788,17.9655937
39341051,0,48.8940788,17.9655937
39341051,1,48.8940117,17.965258
39341051,2,48.8939956,17.964826
39341051,3,48.893953,17.9645216
39341051,4,48.8939587,17.964107
39341051,5,48.8940006,17.9637578
39341051,6,48.8940806,17.9631512
39341051,7,48.8940797,17.962983
39341051,8,48.8939841,17.9623403
39341051,9,48.8939467,17.9621622
39341051,10,48.8937865,17.9617894
39341053,0,48.8937865,17.9617894
39341053,1,48.8937401,17.9616635
39341053,2,48.8937154,17.9614672
39341053,3,48.8937024,17.9612255
39341053,4,48.8937058,17.9609862
39341053,5,48.8937143,17.9607723
39341053,6,48.8937573,17.9605062
39341053,7,48.893851,17.960167
39341053,8,48.8938847,17.9599854
39341053,9,48.8939188,17.9597796
39341053,10,48.8939304,17.9596406
39341053,11,48.8939201,17.9594632
39341053,12,48.8938905,17.9592574
39341053,13,48.8938454,17.9590753
39341053,14,48.8937606,17.9588209
39341055,0,48.8937606,17.9588209
39341055,1,48.8939675,17.9584004
39341055,2,48.8940798,17.9581647
39341055,3,48.8942932,17.9576721
39341055,4,48.8943494,17.9575427
39341055,5,48.8944015,17.9573825
39341055,6,48.8944246,17.9572771
39341055,7,48.894436,17.9571533
39341055,8,48.8944403,17.9570295
39341055,9,48.8944285,17.9568865
39341055,10,48.8944241,17.9568421
39341060,0,48.8953866,17.9494613
39341060,1,48.895473,17.9492082
39341062,0,48.8957839,17.9484247
39341062,1,48.8958514,17.9482747
39341062,2,48.8958996,17.9482264
39341062,3,48.8959657,17.9482388
39341062,4,48.8960437,17.9481711
39341062,5,48.8960901,17.94811
39341062,6,48.8961375,17.9480292
39341062,7,48.8962923,17.9477759
39341062,8,48.8963988,17.9476849
39341062,9,48.8964699,17.9476388
39341062,10,48.8965924,17.9475537
39341062,11,48.8966902,17.9475036
39341062,12,48.8967187,17.947467
39341062,13,48.8968588,17.9472189
39341062,14,48.8970741,17.9468259
39341062,15,48.8970907,17.9467555
39341064,0,48.8970907,17.9467555
39341064,1,48.8970871,17.946701
39341064,2,48.8970725,17.9466002
39341064,3,48.8970687,17.9465438
39341064,4,48.897071,17.9464816
39341064,5,48.8970909,17.9464081
39341064,6,48.8971813,17.9461138
39341064,7,48.8972697,17.9458218
39341064,8,48.8973969,17.9455082
39341064,9,48.8974442,17.9453491
39341064,10,48.8975386,17.944965
39341064,11,48.8975883,17.9446738
39341064,12,48.8976361,17.9443968
39341064,13,48.8977718,17.943785
39341064,14,48.897926,17.9430969
39341064,15,48.8979602,17.9429928
39341064,16,48.897991,17.9429113
39341064,17,48.8980344,17.9428157
39341064,18,48.8980869,17.9427272
39341064,19,48.8981643,17.9426335
39341064,20,48.8984128,17.9423776
39341064,21,48.8985553,17.9422228
107577770,0,48.8932667,17.9522609
107577770,1,48.8932795,17.9520692
107577770,2,48.8932817,17.9519736
107577770,3,48.8933405,17.9518378
107577770,4,48.8933848,17.951755
107577770,5,48.8934679,17.9516358
107577770,6,48.893589,17.9514814
107577770,7,48.8936713,17.9513955
107577770,8,48.8937753,17.9513227
107577770,9,48.8939105,17.9512557
107577770,10,48.8940541,17.9511541
107577770,11,48.8942148,17.9511087
107577770,12,48.8942861,17.9510768
107577770,13,48.8943726,17.9509402
107577770,14,48.894829,17.9505171
107577770,15,48.8949852,17.950349
107577770,16,48.8950585,17.950269
107577770,17,48.8951443,17.9501454
107577770,18,48.8951952,17.9500244
107577770,19,48.8952974,17.949724
107577770,20,48.8953866,17.9494613
107577771,0,48.8944241,17.9568421
107577771,1,48.8943793,17.9565823
161413592,0,48.8932817,17.9519736
161413592,1,48.8932684,17.9517358
161413592,2,48.8932393,17.9515871
161413592,3,48.8931809,17.9514266
161413592,4,48.8930684,17.9512164
161413592,5,48.8930086,17.9511193
161413592,6,48.8929497,17.9509565
161413592,7,48.8929614,17.950861
161413592,8,48.8930132,17.9505644
161413592,9,48.8930255,17.9503303
161413592,10,48.8930357,17.950073
161413592,11,48.893001,17.9497983
161413592,12,48.892776,17.9492966
161413593,0,48.8929497,17.9509565
161413593,1,48.8928989,17.9509922
161413593,2,48.8927561,17.9511937
161413594,0,48.895473,17.9492082
161413594,1,48.8954611,17.948511
161413594,2,48.8954716,17.9481157
161413594,3,48.8955196,17.9477577
161413594,4,48.895524,17.9476695
161413595,0,48.8939105,17.9512557
161413595,1,48.8936893,17.9494516
161413595,2,48.8936553,17.9493859
161413595,3,48.8936121,17.9493624
161413595,4,48.8935489,17.9493859
161413596,0,48.8946869,17.9530994
161413596,1,48.8946678,17.9530409
161413596,2,48.8944355,17.9523562
161413596,3,48.8943245,17.9519475
161413596,4,48.8943098,17.9518664
161413596,5,48.894312,17.9516887
161413596,6,48.8943251,17.9514685
161413596,7,48.8943311,17.951257
161413596,8,48.8942861,17.9510768
161413597,0,48.8979553,17.951836
161413597,1,48.8979509,17.9517773
161413597,2,48.8979304,17.9516485
161413597,3,48.8978665,17.9512852
161413597,4,48.8978495,17.9511343
161413597,5,48.8978515,17.951046
161413597,6,48.8978774,17.9507709
161413597,7,48.8978941,17.9505897
161413597,8,48.89788,17.9501301
161413598,0,48.9026104,17.9524186
161413598,1,48.9026022,17.9523469
161413598,2,48.9025493,17.9518871
161413598,3,48.9025527,17.9518073
161413598,4,48.9025702,17.9517114
161413598,5,48.9026121,17.9515616
161413598,6,48.9026769,17.9513715
161413598,7,48.9027941,17.9510993
161413598,8,48.9028842,17.9508968
161413598,9,48.9029268,17.9507209
161413598,10,48.9029702,17.9504258
161416910,0,48.8893131,17.9555534
161416910,1,48.8893503,17.9558495
161416910,2,48.8893953,17.9560812
161416910,3,48.8894841,17.9564322
161416910,4,48.8895761,17.9566332
161416910,5,48.8896822,17.9568886
161416910,6,48.8897177,17.9569617
161416910,7,48.8897694,17.9570567
161416910,8,48.8898088,17.9571303
161416910,9,48.8898376,17.9572092
161416910,10,48.889903,17.9574525
161416910,11,48.8900274,17.9578867
161416910,12,48.8900561,17.9579842
161416913,0,48.894367,17.9565121
161416913,1,48.894314,17.9565204
161416913,2,48.8940197,17.9565486
161416913,3,48.8938339,17.956602
161416913,4,48.8936616,17.9566682
161416913,5,48.8935294,17.9567242
161416913,6,48.8933737,17.9568209
161416913,7,48.8932633,17.956938
161416913,8,48.8931718,17.9571217
161416913,9,48.8931378,17.95719
161416913,10,48.8930558,17.9574699
161416913,11,48.8929824,17.9577003
161416914,0,48.9013405,17.9533688
161416914,1,48.9012645,17.9533808
161416914,2,48.9011001,17.9533978
161416914,3,48.9010213,17.9534222
161416914,4,48.90093,17.9534583
161416914,5,48.900685,17.9535816
161416914,6,48.9006612,17.9535978
161416914,7,48.9005881,17.9536628
161416914,8,48.9005641,17.9536814
161416914,9,48.9001288,17.9539374
161416914,10,48.9000193,17.953998
161416914,11,48.8999547,17.9540201
161416914,12,48.8998808,17.9540359
161416914,13,48.8998115,17.9540399
161416914,14,48.8997058,17.9540288
161416914,15,48.8996074,17.9540049
161416914,16,48.899489,17.9539562
161416914,17,48.8991357,17.9537848
161416914,18,48.899067,17.9537583
161416914,19,48.8990054,17.9537398
161416914,20,48.8989041,17.953719
161416914,21,48.8988239,17.9537097
161416914,22,48.8987466,17.9537033
161416914,23,48.8986837,17.9537047
161416914,24,48.8986209,17.9537146
161416914,25,48.8985401,17.95374
161416914,26,48.8984735,17.9537718
161416914,27,48.8983919,17.9538286
161416914,28,48.8983171,17.9538906
161416914,29,48.8981842,17.9540262
161416914,30,48.897806,17.954414
161416914,31,48.8976611,17.9545634
161416914,32,48.8975828,17.9546131
161416914,33,48.8974877,17.9546405
161416914,34,48.8973914,17.9546616
161416914,35,48.8972844,17.9546845
161416914,36,48.8969176,17.9547996
161416915,0,48.8929824,17.9577003
161416915,1,48.8928755,17.9579658
161416915,2,48.8927665,17.9582068
161416915,3,48.8925322,17.95867
161416915,4,48.8923829,17.9588448
161416915,5,48.8923127,17.9589116
161416915,6,48.8922256,17.9589732
161416915,7,48.8921412,17.9590214
161416915,8,48.8920508,17.959062
161416915,9,48.8918501,17.9591284
161416915,10,48.8915925,17.9591944
161416915,11,48.8914892,17.9592138
161416915,12,48.8914078,17.9592205
161416915,13,48.8912799,17.959213
161416915,14,48.8911963,17.9591943
161416915,15,48.8911307,17.9591685
161416915,16,48.8909887,17.9590685
161416915,17,48.8909528,17.9590448
161416915,18,48.8908704,17.9589903
161416915,19,48.8908108,17.9589509
161416915,20,48.8905896,17.9587938
161416915,21,48.8904623,17.9587237
161416915,22,48.8903803,17.9586925
161416915,23,48.8903115,17.958675
161416915,24,48.8902494,17.9586678
161416915,25,48.8899026,17.9587019
161416915,26,48.8897749,17.9587239
161416915,27,48.8896783,17.9587452
161416915,28,48.8896258,17.9587606
161416915,29,48.8895627,17.9587792
161416915,30,48.8894948,17.9587924
161416915,31,48.8894632,17.9587878
161416915,32,48.889437,17.9587741
161416915,33,48.8894024,17.9587225
161416916,0,48.9015392,17.9530219
161416916,1,48.9015203,17.9525889
161416917,0,48.887718,17.9603128
161416917,1,48.8876845,17.960233
161416917,2,48.8876525,17.960157
161416917,3,48.8875645,17.9598817
161416917,4,48.8873686,17.9592776
161416917,5,48.8869273,17.9579233
161416917,6,48.886886,17.9578042
161416918,0,48.8925945,17.9551281
161416918,1,48.8925587,17.9550057
161416918,2,48.8920485,17.9532261
161416919,0,48.8883549,17.9598068
161416919,1,48.8883251,17.9597188
161416919,2,48.887512,17.9573804
161416919,3,48.8874886,17.9573108
161416922,0,48.8906053,17.9555612
161416922,1,48.8895761,17.9566332
161416923,0,48.8937606,17.9588209
161416923,1,48.8936292,17.9590075
161416923,2,48.893502,17.9592283
161416923,3,48.893344,17.9595372
161416923,4,48.8932654,17.9596682
161416923,5,48.8931981,17.959719
161416923,6,48.8931098,17.9597573
161416923,7,48.8928822,17.9598005
161416923,8,48.8926094,17.9598972
161416923,9,48.8924677,17.9600357
161416923,10,48.8922987,17.9602546
161416923,11,48.8921949,17.9603821
161416923,12,48.8921581,17.9604277
161416923,13,48.8920192,17.9606695
161416923,14,48.8918969,17.9608739
161416923,15,48.8916059,17.9611658
161416923,16,48.8915163,17.9612347
161416923,17,48.8914695,17.9612707
161416923,18,48.8914162,17.9613116
161416923,19,48.8912752,17.96142
161416923,20,48.8912585,17.9614703
161416923,21,48.8912611,17.961532
161416923,22,48.891528,17.9625452
161416923,23,48.8915478,17.9626687
161416923,24,48.8915439,17.9627166
161416923,25,48.8915368,17.9627804
161416924,0,48.8998519,17.955227
161416924,1,48.8991436,17.9555249
161416924,2,48.898848,17.9556497
161416924,3,48.8984457,17.9558279
161416924,4,48.8982434,17.9559053
161416924,5,48.8981442,17.9559467
161416924,6,48.8979616,17.9560582
161416924,7,48.897865,17.9561662
161416924,8,48.8976792,17.9565802
161416924,9,48.8975213,17.9568722
161416924,10,48.8974006,17.9569766
161416924,11,48.8971924,17.95718
161416924,12,48.8970054,17.9573078
161416924,13,48.8967525,17.957406
161416924,14,48.8964354,17.9574294
161416924,15,48.8962154,17.9574132
161416924,16,48.8960308,17.9573315
161416924,17,48.8958841,17.9571732
161416924,18,48.8957597,17.9570749
161416924,19,48.8955623,17.9569356
161416924,20,48.8955032,17.9568612
161416925,0,48.8894841,17.9564322
161416925,1,48.8883585,17.9576264
161416925,2,48.8890343,17.9590118
161416925,3,48.8890703,17.9590925
161416930,0,48.8980804,17.9545503
161416930,1,48.8980836,17.9547219
161416930,2,48.8980838,17.9547811
161416930,3,48.8980771,17.9548391
161416930,4,48.8980486,17.9549476
161416930,5,48.8980332,17.9550105
161416930,6,48.8980254,17.955078
161416930,7,48.898022,17.9551943
161416930,8,48.8980143,17.9552888
161416930,9,48.898005,17.9553541
161416930,10,48.8979752,17.9554315
161416930,11,48.8979316,17.9555183
161416930,12,48.8979021,17.9555639
161416930,13,48.8978611,17.955614
161416930,14,48.8978312,17.9556405
161416930,15,48.8977906,17.9556624
161416930,16,48.8975312,17.9556803
161416930,17,48.8974756,17.9556623
161416930,18,48.897307,17.9555975
161416930,19,48.8972282,17.9555587
161416930,20,48.8971708,17.9555279
161416930,21,48.8971038,17.9555469
161416930,22,48.8969784,17.95565
161416930,23,48.8967935,17.9558205
161416930,24,48.8966366,17.9560065
161416930,25,48.896588,17.9560725
161416930,26,48.8965439,17.9560172
161416930,27,48.8964997,17.9559788
161416930,28,48.8964528,17.9559513
161416930,29,48.8963789,17.9559327
161416930,30,48.8962999,17.9559244
161416930,31,48.8962409,17.9559324
161416930,32,48.8961843,17.9559618
161416930,33,48.8961222,17.9560161
161416930,34,48.8960724,17.9560752
161416930,35,48.895917,17.9563151
161416930,36,48.8957794,17.9565315
161416930,37,48.8955757,17.956793
161416930,38,48.8955032,17.9568612
161416930,39,48.8954157,17.9569232
161416930,40,48.8953708,17.9569259
161416930,41,48.8952616,17.9569323
161416930,42,48.8951354,17.9569454
161416930,43,48.8949766,17.9569449
161416930,44,48.8948689,17.956927
161416930,45,48.8947439,17.9569075
161416930,46,48.894591,17.9568864
161416930,47,48.8944285,17.9568865
161416931,0,48.9015203,17.9525889
161416931,1,48.9015191,17.9525158
161416931,2,48.9015036,17.9515295
161416931,3,48.9015003,17.9507201
161416931,4,48.9014802,17.9501703
161416934,0,48.896588,17.9560725
161416934,1,48.8965105,17.9562025
161416934,2,48.8964731,17.9562567
161416934,3,48.8964123,17.9563236
161416934,4,48.8963235,17.9564133
161416934,5,48.8962082,17.9565246
161416934,6,48.8961205,17.956623
161416934,7,48.8959977,17.9567536
161416936,0,48.8944977,17.9575539
161416936,1,48.8944015,17.9573825
161416938,0,48.8932667,17.9522609
161416938,1,48.8930896,17.9522912
161416938,2,48.8928571,17.9523978
161416938,3,48.8926743,17.9525252
161416938,4,48.8925352,17.9526606
161416938,5,48.8923973,17.9528144
161416938,6,48.8922266,17.9529992
161416938,7,48.892066,17.9531977
161416938,8,48.8920485,17.9532261
161416940,0,48.8997117,17.9543712
161416940,1,48.899639,17.9543572
161416940,2,48.8995432,17.9543292
161416940,3,48.899362,17.9542516
161416940,4,48.8991488,17.9541401
161416940,5,48.8990641,17.9541021
161416940,6,48.8989856,17.9540761
161416940,7,48.8989041,17.9540629
161416940,8,48.8988139,17.9540523
161416940,9,48.8987314,17.954048
161416940,10,48.8986524,17.9540518
161416940,11,48.8985767,17.9540778
161416940,12,48.898501,17.9541294
161416940,13,48.8983245,17.9542885
161416940,14,48.8981499,17.9544506
161416940,15,48.8981027,17.9545041
161416940,16,48.8980804,17.9545503
180183665,0,48.9062751,17.9556262
180183665,1,48.9056196,17.9559074
180183665,2,48.9055321,17.955945
180183665,3,48.9047794,17.9560598
180183665,4,48.9041339,17.956008
180183665,5,48.9036856,17.9557819
180183665,6,48.9032496,17.9557263
180183665,7,48.9026527,17.9555151
180183665,8,48.9019341,17.9550481
180183665,9,48.9015711,17.9549184
180183665,10,48.9012495,17.9548702
180183665,11,48.9009572,17.954948
180183665,12,48.9007038,17.9549592
180183665,13,48.9004155,17.9550637
180183665,14,48.9001331,17.9551049
180183665,15,48.8998519,17.955227
180183668,0,48.8933058,17.9690595
180183668,1,48.8936232,17.9671551
180183668,2,48.8935972,17.966903
180183668,3,48.8935215,17.9666836
180183668,4,48.8929213,17.9656638
180183668,5,48.8927238,17.9652776
180183668,6,48.8926123,17.9648999
180183670,0,48.9062599,17.9643694
180183670,1,48.9061291,17.9645436
180183670,2,48.9059335,17.9648124
180183670,3,48.9056242,17.9651389
180183670,4,48.9053907,17.9652157
180183670,5,48.9052518,17.9651869
180183670,6,48.90481,17.9645916
180183670,7,48.9044754,17.9640346
180183670,8,48.9049425,17.9638522
180183670,9,48.9053339,17.9637465
180183670,10,48.9057378,17.9639578
180183670,11,48.9060472,17.9643694
180183670,12,48.9062599,17.9643694
180183670,13,48.9065872,17.9640964
180183676,0,48.8883014,17.9650516
180183676,1,48.888497,17.9657433
180183676,2,48.8892095,17.9682227
180183676,3,48.8897245,17.9678364
180183676,4,48.8902606,17.9676004
180183676,5,48.8907685,17.967182
180183676,6,48.8911107,17.9670371
180183676,7,48.8914457,17.96708
180183676,8,48.8915468,17.9671032
180183676,9,48.8916538,17.9672356
180183676,10,48.8918408,17.9675682
180183676,11,48.8919607,17.9677774
180183676,12,48.8922146,17.967874
180183676,13,48.8924474,17.9678418
180183676,14,48.8934067,17.967182
180183676,15,48.8935972,17.966903
180183676,16,48.8936536,17.9667796
180183676,17,48.893837,17.9658301
180183676,18,48.8939499,17.965637
180183676,19,48.8940788,17.9655937
332071803,0,48.8989847,17.9420025
332071803,1,48.8983249,17.942885
332071803,2,48.8981221,17.9431935
332071803,3,48.8979681,17.9435762
332071803,4,48.8977798,17.9444621
332071803,5,48.8976545,17.9450392
332071803,6,48.8974512,17.9457544
332071803,7,48.8972497,17.9463039
332071803,8,48.8971571,17.946384
332071803,9,48.8970909,17.9464081
332071806,0,48.895473,17.9492082
332071806,1,48.8955728,17.9489745
332071806,2,48.8956526,17.9487498
332071806,3,48.8957839,17.9484247
332071810,0,48.8990181,17.9493781
332071810,1,48.8987422,17.9495935
332071810,2,48.8984971,17.9497509
332071810,3,48.898174,17.9499387
332071810,4,48.898076,17.9499525
332071810,5,48.8979961,17.9498503
332071810,6,48.8979253,17.9497896
332071810,7,48.8978679,17.9498013
332071812,0,48.89788,17.9501301
332071812,1,48.8978679,17.9498013
332071812,2,48.8978569,17.9495006
332071812,3,48.8978022,17.9488141
332071812,4,48.8976452,17.948101
332071812,5,48.8975847,17.947779
332071812,6,48.8974474,17.9473827
332071812,7,48.897352,17.9472385
332071812,8,48.8972334,17.9470591
332071812,9,48.8971335,17.9468843
332071812,10,48.8970907,17.9467555
332671315,0,48.8979553,17.951836
332671315,1,48.8979666,17.9519307
332671315,2,48.8979801,17.9520009
332671315,3,48.8980979,17.9526111
332671315,4,48.8980955,17.9526569
332671315,5,48.8980845,17.9526984
332671315,6,48.8980655,17.952728
332671315,7,48.8979169,17.9528703
332671315,8,48.8978693,17.9529059
332671315,9,48.8977922,17.9529487
332671315,10,48.8973539,17.9531268
332671315,11,48.8970057,17.9533634
332671315,12,48.8967998,17.9535133
332671315,13,48.8966924,17.9536899
332671315,14,48.8967078,17.9539098
332671315,15,48.8968107,17.9543596
332671315,16,48.8969088,17.9547495
332671315,17,48.8969176,17.9547996
332671319,0,48.8903027,17.942136
332671319,1,48.8900763,17.9436968
332671319,2,48.8899203,17.9443715
332671319,3,48.8897681,17.9451047
332671319,4,48.889754,17.9451726
332671319,5,48.8896292,17.9454203
332671319,6,48.8894916,17.9456595
332671319,7,48.8893138,17.9459685
332671319,8,48.888898,17.9464692
332671319,9,48.8886691,17.9468303
332671319,10,48.8885067,17.9474126
332671319,11,48.888482,17.9475013
332671319,12,48.8884538,17.9478556
332671319,13,48.8884679,17.9487468
332671319,14,48.8884185,17.9492192
332671319,15,48.8885385,17.9505022
332671319,16,48.8885102,17.9509746
332671319,17,48.888542,17.9515115
332671319,18,48.8886903,17.9523113
332671319,19,48.8887705,17.9527109
332671319,20,48.8887952,17.9528987
332671319,21,48.8888212,17.9531092
332671319,22,48.8888543,17.95336
332671319,23,48.888909,17.9536188
332671319,24,48.8889777,17.9538656
332671319,25,48.8890646,17.954109
332671319,26,48.8891175,17.9542525
332671319,27,48.8891559,17.9543973
332671319,28,48.8892211,17.9545469
332671319,29,48.8893291,17.9547923
332671319,30,48.8893662,17.9548915
332671319,31,48.8893858,17.9549554
332671319,32,48.8893902,17.9549882
332671319,33,48.8893878,17.9550339
332671319,34,48.8893799,17.955066
332671319,35,48.8893638,17.9550999
332671319,36,48.8893247,17.9551571
332671319,37,48.8893044,17.9551913
332671321,0,48.8954641,17.9421745
332671321,1,48.895426,17.9422751
332671321,2,48.8952168,17.9428199
332671322,0,48.8954838,17.9429662
332671322,1,48.8953895,17.9430701
332671322,2,48.8952432,17.9432392
332671323,0,48.8948053,17.9421433
332671323,1,48.8948765,17.9423331
332671323,2,48.8948939,17.9424792
332671323,3,48.8949479,17.9425565
332671323,4,48.8950446,17.9425617
332671323,5,48.8951528,17.9426829
332671323,6,48.8952168,17.9428199
332671323,7,48.8952502,17.9431354
332671323,8,48.8952432,17.9432392
332671323,9,48.8952155,17.9436512
332671323,10,48.8950927,17.9442035
332671323,11,48.8950553,17.9445447
332671323,12,48.8950823,17.9448229
332671323,13,48.8951467,17.9453152
332671325,0,48.8955991,17.9559793
332671325,1,48.8954286,17.9557472
332671325,2,48.8952968,17.9555236
332671325,3,48.8950474,17.9545664
332671325,4,48.8949282,17.9541036
332671325,5,48.8948178,17.9536216
332671325,6,48.8947047,17.9531588
332671325,7,48.8946869,17.9530994
332671326,0,48.8949825,17.9622321
332671326,1,48.8947656,17.9621402
332671326,2,48.8942963,17.9620554
332671326,3,48.8940109,17.9619488
332671326,4,48.8939068,17.961922
332671326,5,48.8937865,17.9617894
332671329,0,48.8954018,17.9420585
332671329,1,48.8954641,17.9421745
332671330,0,48.8937865,17.9617894
332671330,1,48.8938937,17.9619458
332671330,2,48.8940212,17.9620377
332671330,3,48.8941027,17.9620743
332671330,4,48.8943707,17.9621921
332671330,5,48.8946309,17.9622604
332671330,6,48.8949825,17.9622321
332671330,7,48.8952907,17.9621826
332671330,8,48.895997,17.9616832
332671332,0,48.8951467,17.9453152
332671332,1,48.8952294,17.9458081
332671332,2,48.8952956,17.9461713
332671332,3,48.8953944,17.9466058
332671332,4,48.8954331,17.9469836
332671332,5,48.8954932,17.9473044
332671332,6,48.895524,17.9476695
372470146,0,48.893398,17.9699487
372470146,1,48.8933196,17.969259
372470146,2,48.8933058,17.9690595
372470149,0,48.8944285,17.9568865
372470149,1,48.8943842,17.9568887
372470149,2,48.894219,17.9568956
372470149,3,48.8940714,17.9569091
372470149,4,48.8939701,17.95695
372470149,5,48.893799,17.9570632
372470149,6,48.893601,17.9573066
372470149,7,48.8929039,17.9585475
372470149,8,48.8925919,17.9590439
372470149,9,48.8921618,17.9594854
372470149,10,48.8921074,17.95956
372470149,11,48.8920214,17.9596733
372470149,12,48.8920386,17.9599579
372470152,0,48.887512,17.9573804
372470152,1,48.8872532,17.9574067
372470152,2,48.8869954,17.957422
372470152,3,48.8867779,17.9573498
372470152,4,48.8865705,17.9573541
372470152,5,48.8863947,17.9574023
372470152,6,48.8860418,17.9576126
372470152,7,48.8857696,17.9577222
372470152,8,48.885699,17.95772
372470152,9,48.8855852,17.9576455
372470152,10,48.8855175,17.9575535
372470152,11,48.8854527,17.9573717
372470152,12,48.8854109,17.957065
372470152,13,48.8854095,17.9567846
372470152,14,48.8854325,17.9562654
372470153,0,48.8854325,17.9562654
372470153,1,48.8854671,17.9557309
372470153,2,48.8854628,17.9555447
372470153,3,48.8854196,17.9552687
372470153,4,48.8853182,17.9549846
372470153,5,48.8852245,17.9544765
372470153,6,48.8851878,17.9536896
372470153,7,48.8852388,17.9530701
372470153,8,48.8852693,17.9522429
372470153,9,48.8853284,17.9514436
372470153,10,48.8853264,17.951329
372470153,11,48.8852958,17.9512423
372470153,12,48.8849434,17.9508055
372470153,13,48.8846011,17.9505267
372470153,14,48.8843017,17.9502571
372470153,15,48.8841367,17.9500341
372470153,16,48.8840552,17.949811
372470153,17,48.8840246,17.9494362
372470153,18,48.8840196,17.9490752
372470153,19,48.8840165,17.9488507
372470155,0,48.895636,17.9560646
372470155,1,48.8957414,17.9563184
372470158,0,48.8957501,17.9563512
372470158,1,48.8958676,17.9562956
372470158,2,48.8958871,17.9562677
372470158,3,48.895917,17.9563151
372470160,0,48.891988,17.9595764
372470160,1,48.8919111,17.9593515
372470161,0,48.8919111,17.9593515
372470161,1,48.8918843,17.9592743
372470161,2,48.8918501,17.9591284
372470165,0,48.8955991,17.9559793
372470165,1,48.895636,17.9560646
372470169,0,48.8873686,17.9592776
372470169,1,48.8869954,17.9595645
372470172,0,48.8920214,17.9596733
372470172,1,48.891988,17.9595764
372470178,0,48.8869954,17.9595645
372470178,1,48.886586,17.9598547
372470178,2,48.8859376,17.9603705
372470179,0,48.8957414,17.9563184
372470179,1,48.8957501,17.9563512
372470179,2,48.8957309,17.9565076
372470194,0,48.9011711,17.953763
372470194,1,48.9013311,17.9537736
372470194,2,48.902393,17.9538274
372470194,3,48.9027668,17.9537791
372470194,4,48.903133,17.9538273
372470194,5,48.9031488,17.9538411
372470194,6,48.9037788,17.9544067
372470194,7,48.9038493,17.9545891
372470194,8,48.9041632,17.9548198
372470194,9,48.9047697,17.9550934
372470194,10,48.9051716,17.9553133
372470194,11,48.9056196,17.9559074
579565190,0,48.8919816,17.9633221
579565190,1,48.8918894,17.9633777
579565190,2,48.8916851,17.9635241
579565190,3,48.891561,17.9636373
579565190,4,48.8912279,17.9639107
581610041,0,48.9013405,17.9533688
581610041,1,48.9013311,17.9537736
581610042,0,48.8973914,17.9546616
581610042,1,48.8974359,17.954811
581610043,0,48.8974359,17.954811
581610043,1,48.8974822,17.9550202
620585776,0,48.8983198,17.9557457
620585776,1,48.898226,17.955756
620585776,2,48.8981411,17.9557397
620585776,3,48.8980239,17.9556869
620585776,4,48.8979378,17.9556123
620585776,5,48.8979021,17.9555639
620589828,0,48.9044754,17.9640346
620589828,1,48.9042209,17.9644319
620589828,2,48.9040212,17.9647436
620589828,3,48.9033279,17.9659343
620589828,4,48.9031803,17.9661992
620589829,0,48.8952907,17.9621826
620589829,1,48.8957079,17.9623751
620589829,2,48.8958822,17.9625459
620589829,3,48.8960871,17.9628381
620589829,4,48.896231,17.9630329
620589829,5,48.8964585,17.9633011
620589829,6,48.8967117,17.9635858
620589829,7,48.8968979,17.9639469
620589829,8,48.8971057,17.9644503
620589829,9,48.897316,17.9649154
620589829,10,48.8975153,17.9651953
620589829,11,48.8976532,17.9652536
702790045,0,48.8946464,17.9530506
702790045,1,48.8946436,17.9530597
702790045,2,48.8946402,17.953067
702790045,3,48.8944477,17.9532151
702790045,4,48.8942637,17.953369
702790045,5,48.8942038,17.9534163
702790045,6,48.8937069,17.9538579
791425516,0,48.9053233,17.9608843
791425516,1,48.9053691,17.9610479
791425516,2,48.9050958,17.9617587
791425516,3,48.9049054,17.9620886
791425516,4,48.9047855,17.9623407
791425516,5,48.904611,17.9626787
791425516,6,48.9044162,17.9630381
791425517,0,48.9044162,17.9630381
791425517,1,48.9042209,17.9644319
921876049,0,48.897352,17.9472385
921876049,1,48.8974119,17.9470724
921876049,2,48.8975953,17.9468772
921876049,3,48.8977138,17.9467398
921876049,4,48.8979141,17.9466175
921876049,5,48.898113,17.9464459
921876049,6,48.8984628,17.946139
921876050,0,48.9029702,17.9504258
921876050,1,48.903,17.9501041
921876050,2,48.9030162,17.9498763
921876050,3,48.9031658,17.9495516
921876050,4,48.9032675,17.9493726
921876050,5,48.9033293,17.9491693
921876050,6,48.9035175,17.9487525
921876050,7,48.9033266,17.9485143
921876050,8,48.9032803,17.9483538
921876050,9,48.9030977,17.9484819
921876050,10,48.9028249,17.9485107
921876050,11,48.902475,17.9485089
921876050,12,48.9022603,17.9484804
921876050,13,48.9021426,17.9486518
921876050,14,48.9021935,17.9488719
921876050,15,48.9022024,17.9489295
921876050,16,48.9022902,17.9489826
921876050,17,48.9023082,17.9489978
921876050,18,48.9023201,17.9490782
921876050,19,48.9023411,17.949236
921876050,20,48.902371,17.9493741
921876050,21,48.9024059,17.9494955
921876050,22,48.9024338,17.9495744
921876050,23,48.9024468,17.949676
921876050,24,48.9024668,17.949808
921876050,25,48.9024468,17.9499127
921876050,26,48.9024368,17.9499658
921876051,0,48.8935489,17.9493859
921876051,1,48.893438,17.9491997
921876051,2,48.8933739,17.9490914
921876051,3,48.8933027,17.9488334
921876051,4,48.8932411,17.9486096
921876051,5,48.8931817,17.9482235
921876052,0,48.892776,17.9492966
921876052,1,48.892693,17.9491365
921876052,2,48.8926242,17.948994
921876052,3,48.8925838,17.9489001
921876052,4,48.8925055,17.948505
921876052,5,48.8924356,17.9482181
921876052,6,48.892445,17.9478753
921876052,7,48.8924391,17.947619
921876052,8,48.8923323,17.9470615
921876052,9,48.8922671,17.9466375
921876052,10,48.8922279,17.9463199
921876052,11,48.8922054,17.9462874
921876052,12,48.8921746,17.9462531
921876052,13,48.8921508,17.9462441
921876052,14,48.8920547,17.9463037
921876052,15,48.8918709,17.9463704
921876052,16,48.8916205,17.9463794
921876052,17,48.8914414,17.9463452
921876052,18,48.8911851,17.9461575
921876052,19,48.8907853,17.9458616
921876052,20,48.8904496,17.9456992
921876052,21,48.8900522,17.9454646
921876052,22,48.8899347,17.945295
921876052,23,48.8898706,17.9451669
921876052,24,48.8898161,17.9451037
921876052,25,48.8897681,17.9451047
921876053,0,48.8894916,17.9456595
921876053,1,48.8894607,17.9458423
921876053,2,48.8894148,17.94617
921876053,3,48.8893629,17.9465235
921876053,4,48.889313,17.9466707
921876053,5,48.8891813,17.9470303
921876053,6,48.8891753,17.94722
921876053,7,48.8892083,17.9473596
921876053,8,48.8894018,17.947748
921876053,9,48.8896742,17.9481243
921876053,10,48.8897889,17.9482517
921876053,11,48.8900672,17.9484004
921876053,12,48.8905421,17.9486508
921876053,13,48.8909002,17.9487858
921876053,14,48.8915173,17.9490705
921876053,15,48.8915547,17.9490877
921876053,16,48.8917073,17.9491181
921876053,17,48.8918031,17.9491135
921876053,18,48.8918829,17.9490969
921876053,19,48.8919148,17.9490422
921876053,20,48.8918879,17.9489937
921876053,21,48.891847,17.9489208
921876053,22,48.8917532,17.9489436
921876053,23,48.8916544,17.9490271
921876053,24,48.8916036,17.9490635
921876053,25,48.8915173,17.9490705
921876054,0,48.8885067,17.9474126
921876054,1,48.8882459,17.9469582
921876054,2,48.8878668,17.9463361
921876054,3,48.8874997,17.9454501
921876054,4,48.887342,17.9451891
921876054,5,48.8872842,17.9450404
921876054,6,48.8870048,17.9437294
921876054,7,48.8868751,17.9433805
921876054,8,48.8867574,17.9432409
921876055,0,48.9069312,17.9481416
921876055,1,48.9066081,17.9479262
921876055,2,48.9064286,17.9477987
921876055,3,48.9063867,17.9476956
921876056,0,48.9069033,17.9479596
921876056,1,48.9068335,17.9477138
921876056,2,48.9068654,17.9474922
921876056,3,48.9068794,17.9473193
921876056,4,48.9067996,17.9468762
921876056,5,48.906646,17.9463118
921876056,6,48.9065702,17.9459355
921876056,7,48.9065203,17.9452345
921876056,8,48.9064585,17.9448006
921876057,0,48.9035175,17.9487525
921876057,1,48.9035574,17.9466473
921876057,2,48.9035583,17.9465987
954271533,0,48.8949538,17.9528397
954271533,1,48.8949798,17.9528242
954271533,2,48.8955229,17.9524481
954271533,3,48.895735,17.952318
954271533,4,48.8959854,17.9521832
954271533,5,48.8961115,17.9521309
954271533,6,48.8962428,17.9520705
954271533,7,48.8963504,17.952033
954271533,8,48.8964694,17.951982
954271533,9,48.8966316,17.9519176
954271533,10,48.8967798,17.9518774
954271533,11,48.8969631,17.9518399
954271533,12,48.8971329,17.951809
954271533,13,48.8972625,17.9517943
954271533,14,48.8974525,17.9517835
954271533,15,48.8975353,17.9517768
954271533,16,48.8978823,17.9517772
954271533,17,48.8979509,17.9517773
954271534,0,48.8950115,17.9529225
954271534,1,48.8949973,17.9528791
954271534,2,48.8949838,17.9528368
954271535,0,48.8938074,17.9542034
954271535,1,48.893761,17.9540361
954271535,2,48.8937769,17.953942
954271535,3,48.8943172,17.9534546
954271535,4,48.8947047,17.9531588
954271535,5,48.8950186,17.9529445
954271535,6,48.8951082,17.9528943
1193837282,0,48.8900561,17.9579842
1193837282,1,48.8900981,17.9580829
1193837282,2,48.8901329,17.9582051
1193837282,3,48.8902145,17.9584924
1193837282,4,48.8902222,17.9585307
1193837282,5,48.8902494,17.9586678
1279933026,0,48.8942865,17.9563963
1279933026,1,48.894314,17.9565204
1279933026,2,48.8943291,17.956584
1279933027,0,48.8943763,17.9568409
1279933027,1,48.8943842,17.9568887
1279933027,2,48.8943904,17.9570179
1279933028,0,48.8943904,17.9570179
1279933028,1,48.8943877,17.9572123
1279933028,2,48.8943578,17.9573947
1279933028,3,48.8942961,17.9575516
1279933028,4,48.8942114,17.957722
1279933028,5,48.8941126,17.9579312
1279933028,6,48.8938965,17.9584027
1279933028,7,48.8938098,17.9585967
1279933028,8,48.8937859,17.9586388
1279933028,9,48.893721,17.9586911
1279933028,10,48.8936927,17.95874
1279933028,11,48.8936062,17.9589041
1279933028,12,48.8935056,17.9590789
1279933028,13,48.8934875,17.9591642
1279933028,14,48.8934099,17.959336
1279933028,15,48.8933254,17.9594919
1279933028,16,48.8932743,17.9595808
1279933028,17,48.8932169,17.9596374
1279933028,18,48.8930921,17.9597236
1279933028,19,48.8929002,17.959767
1279933028,20,48.8926888,17.9598304
1279933028,21,48.8925892,17.9598643
1279933028,22,48.8924886,17.9599549
1279933028,23,48.8923258,17.9601489
1279933028,24,48.8921664,17.960326
1279933029,0,48.8943291,17.956584
1279933029,1,48.8943763,17.9568409
1279933030,0,48.8932938,17.9544698
1279933030,1,48.8933248,17.9545281
1279933030,2,48.8937335,17.954215
1279933030,3,48.8937426,17.9542455
1279933030,4,48.8939213,17.9548466
1279933030,5,48.8940756,17.9554635
1279933030,6,48.8941797,17.9559664
1279933030,7,48.8942865,17.9563963
1318049789,0,48.8920497,17.9531658
1318049789,1,48.8920233,17.9531926
1318049789,2,48.8919898,17.9532275
1318049789,3,48.8919281,17.9532785
1318049789,4,48.8917984,17.9533884
1318049789,5,48.8917129,17.9534582
1318049789,6,48.8915842,17.9535601
1318049789,7,48.8914034,17.9537143
1318049789,8,48.8910454,17.9540188
1318049789,9,48.8907553,17.9542736
1318049789,10,48.8905216,17.954472
1318049789,11,48.8901919,17.9547443
1318049789,12,48.8898374,17.9550501
1318049789,13,48.8895393,17.9552995
1318049789,14,48.8894316,17.9553904
1318049789,15,48.8893471,17.9554618
1318049789,16,48.8893131,17.9555534
1318378204,0,48.8892678,17.9552885
1318378204,1,48.8892996,17.9554796
1318378204,2,48.8893131,17.9555534
1341007195,0,48.8921664,17.960326
1341007195,1,48.8921547,17.9603739
1341007195,2,48.8920978,17.9604794
1341007195,3,48.8919633,17.960684
1341007195,4,48.8918418,17.9608639
1341007195,5,48.89167,17.9610611
1341007195,6,48.8915355,17.9611745
1341007195,7,48.8913831,17.9612978
1341007195,8,48.8913021,17.9613618
1341007195,9,48.8912324,17.9613816
1341007885,0,48.8912255,17.9615442
1341007885,1,48.8913223,17.9619009
1341007885,2,48.8913987,17.9621798
1341007885,3,48.8914545,17.9623865
1341007885,4,48.891501,17.962579
1341007885,5,48.8915206,17.9626583
1341007885,6,48.8915093,17.9627547
1341028995,0,48.8895627,17.9587792
1341028995,1,48.88957,17.9588225
1341028995,2,48.8892986,17.9589218
1341028995,3,48.8891819,17.9590444
1341028995,4,48.8889301,17.9593269
1341028995,5,48.8886453,17.9596305
1341028995,6,48.888633,17.9596713
1341028995,7,48.8885509,17.9597566
1341028995,8,48.888372,17.9599328
1341028995,9,48.8879222,17.9602749
1341028995,10,48.8878838,17.9603193
1341028995,11,48.8878615,17.9603905
1341028995,12,48.8878592,17.9604781
1341028995,13,48.8878761,17.9605469
1341028995,14,48.8879002,17.9606026
1341028995,15,48.8881085,17.9611292
1341028995,16,48.8881526,17.9612406
1344383644,0,48.8944977,17.9575539
1344383644,1,48.8942932,17.9576721
1379620983,0,48.8958676,17.9562956
1379620983,1,48.8957309,17.9565076
1379620983,2,48.8957003,17.9565503
1379620983,3,48.8955934,17.9566862
1379620983,4,48.8955217,17.9567552
1379620983,5,48.8954016,17.9568064
1379620983,6,48.8953708,17.9568085
1379620983,7,48.8952713,17.9568154
1379620983,8,48.8951324,17.9568195
1379620983,9,48.895122,17.9568198
1379620983,10,48.8950063,17.956822
1379620983,11,48.8948013,17.9568599
1379620983,12,48.8947032,17.956851
1379620983,13,48.8945349,17.9568421
1379620983,14,48.8944663,17.9568488
1379622390,0,48.9013399,17.9533303
1379622390,1,48.9012135,17.9533502
1379622390,2,48.9010958,17.9533541
1379622390,3,48.9010109,17.9533848
1379622390,4,48.9009336,17.9534078
1379622390,5,48.900905,17.9534257
1379622390,6,48.9007856,17.9534769
1379622390,7,48.9006931,17.9535255
1379622390,8,48.900604,17.9535766
1379622390,9,48.9005905,17.9536112
1379622390,10,48.9005098,17.9536623
1379622390,11,48.9003728,17.9537442
1379622390,12,48.9002525,17.9538081
1379622390,13,48.9001272,17.9538836
1379622390,14,48.9000532,17.953922
1379622390,15,48.8999977,17.9539527
1379622390,16,48.8999246,17.9539795
1379622390,17,48.8998363,17.9539949
1379622390,18,48.8997405,17.9539808
1379622390,19,48.8996446,17.953968
1379622390,20,48.8995126,17.9539156
1379622390,21,48.8993343,17.9538375
1379622390,22,48.8992074,17.9537698
1379622390,23,48.8990644,17.9537058
1379622390,24,48.8989417,17.9536802
1379622390,25,48.8988097,17.9536559
1379622390,26,48.8987046,17.9536534
1379622390,27,48.8985936,17.9536726
1379622390,28,48.898528,17.953702
1379622390,29,48.8983993,17.953771
1379622390,30,48.8982909,17.9538708
1379622390,31,48.8981698,17.9539949
1379622390,32,48.8980058,17.9541586
1379622390,33,48.8977889,17.9543735
1379622390,34,48.8977233,17.9544387
1379622390,35,48.8976564,17.954486
1379622390,36,48.8976228,17.9545346
1379622390,37,48.8975589,17.9545743
1379622390,38,48.8974655,17.9545986
1379622390,39,48.8973091,17.9546331
1379622390,40,48.8971519,17.9546792
1379622390,41,48.8969854,17.9547316
1379622390,42,48.8969088,17.9547495
1379623487,0,48.8927769,17.9547768
1379623487,1,48.8927595,17.9547821
1379623487,2,48.8927078,17.954835
1379623487,3,48.8926243,17.9549305
1379623487,4,48.8925913,17.9549688
1379623487,5,48.8925832,17.9549782
1379623487,6,48.8925587,17.9550057
1379623487,7,48.8924948,17.9550774
1379623487,8,48.8923432,17.9552485
1379623487,9,48.8921871,17.9554315
1379623487,10,48.8920925,17.9555409
1379623487,11,48.8919273,17.9557202
1379623487,12,48.8917157,17.9559545
1379623487,13,48.8916998,17.9559728
1379623487,14,48.8916356,17.9560463
1379623487,15,48.8914758,17.9562262
1379623487,16,48.8914515,17.9562535
1379623487,17,48.8914003,17.9563093
1379623487,18,48.8911656,17.9565797
1379623487,19,48.8910164,17.9567435
1379623487,20,48.890997,17.9567692
1379623487,21,48.8910057,17.956792
1379623487,22,48.8909265,17.9568838
1379623487,23,48.8907449,17.9570829
1379623487,24,48.8906855,17.9571527
1379623487,25,48.8904792,17.9573833
1379623487,26,48.890428,17.9574399
1379623487,27,48.8902561,17.9576324
1379623487,28,48.8902189,17.9576735
1379623487,29,48.8900373,17.9578777
1379623487,30,48.8900274,17.9578867
1379623488,0,48.8900274,17.9578867
1379623488,1,48.8899132,17.9580232
1379623488,2,48.8898054,17.9581503
1379623488,3,48.8896741,17.9582906
1379623488,4,48.8895833,17.9583905
1379623488,5,48.8894161,17.9585771
1379623488,6,48.8893756,17.958641
1379623488,7,48.8893282,17.9587042
1379623488,8,48.8892983,17.9587123
1379623488,9,48.8892361,17.9587844
1379623488,10,48.8892147,17.9588092
1379623488,11,48.8891384,17.9588996
1379623488,12,48.8890343,17.9590118
1379623488,13,48.8888901,17.9591824
1379623488,14,48.8887099,17.9593727
1379623488,15,48.8886172,17.9594675
1379623488,16,48.8884312,17.9596379
1379623488,17,48.8883317,17.9597135
1379623488,18,48.8883251,17.9597188
1379623488,19,48.8882206,17.9598024
1379623488,20,48.8880608,17.9599317
1379623488,21,48.8878757,17.9600816
1379623488,22,48.8877825,17.9601587
1379623488,23,48.8876845,17.960233
1379623488,24,48.8874973,17.9603817
1386997733,0,48.8944977,17.9575539
1386997733,1,48.8945692,17.957521
1386997733,2,48.8946407,17.9575043
1386997733,3,48.8948436,17.9575184
1386997733,4,48.8950241,17.9574986
1386997733,5,48.8951209,17.9574844
1386998102,0,48.8951209,17.9574844
1386998102,1,48.8953313,17.9573627
1386998102,2,48.8954875,17.9573051
1387032794,0,48.8988536,17.9564461
1387032794,1,48.8988894,17.9566299
1387032794,2,48.8989183,17.9568048
1387032794,3,48.8989431,17.9569642
1387032794,4,48.8990032,17.9571882
1387032794,5,48.8990462,17.9573575
1387032794,6,48.8991652,17.9576664
1387032794,7,48.8992212,17.957796
1387032794,8,48.8993018,17.9580469
1387032794,9,48.8994041,17.9582923
1387032794,10,48.8995893,17.9586971
1387032794,11,48.8996567,17.9588732
1387032794,12,48.8997543,17.9591598
1387032794,13,48.8998912,17.9594974
1387032794,14,48.8999739,17.9598332
1387032794,15,48.8999832,17.959865
1387032794,16,48.9001495,17.960172
1387032794,17,48.9002139,17.9603003
1387032794,18,48.9002811,17.9603193
1387032794,19,48.900364,17.9603029
1387032794,20,48.900519,17.9604921
1387032794,21,48.9007493,17.9607162
1387032794,22,48.9009365,17.9609287
1387032794,23,48.9011898,17.9612276
1387032794,24,48.9013448,17.9614051
1387032794,25,48.9016886,17.961823
1387032794,26,48.9018437,17.9619771
1387032794,27,48.9019312,17.9621219
1387032794,28,48.9019895,17.9622807
1387032794,29,48.9020233,17.9624815
1387032794,30,48.9020033,17.9627897
1387032794,31,48.9019988,17.9631538
1387032794,32,48.9020181,17.9633232
1387032794,33,48.9020565,17.9635112
1387032794,34,48.9021446,17.9638547
1387032794,35,48.9022955,17.9643723
1387032794,36,48.9024332,17.9649269
1387032794,37,48.9025578,17.9653844
1387032794,38,48.9025963,17.9654923
1387032794,39,48.9027229,17.9656679
1387032794,40,48.9029396,17.9659344
1387032794,41,48.9030449,17.9660499
1387032794,42,48.9031431,17.9661254
1387032794,43,48.9031803,17.9661992
1387337087,0,48.9014722,17.9533144
1387337087,1,48.9015782,17.9534416
1387337087,2,48.9017104,17.9534952
1387337087,3,48.9019255,17.9535274
1387337087,4,48.9022535,17.9535489
1387337087,5,48.9025268,17.9535247
1387337087,6,48.9027489,17.9534926
1387337087,7,48.903133,17.9538273
1387337087,8,48.9031488,17.9538411
1393310925,0,48.8974822,17.9550202
1393310925,1,48.8975284,17.955074
1393310927,0,48.8997117,17.9543712
1393310927,1,48.8997763,17.9543786
1393310927,2,48.8998339,17.954378
1393310927,3,48.8999316,17.9543718
1393310927,4,48.9000072,17.9543576
1393310927,5,48.9000915,17.9543347
1393310927,6,48.9001888,17.9542888
1393310927,7,48.9003037,17.9542214
1393310927,8,48.900657,17.95402
1393310927,9,48.9009895,17.9537984
1393310927,10,48.9011711,17.953763
1393342741,0,48.8882566,17.9614994
1393342741,1,48.8882188,17.9615336
1393342742,0,48.8881526,17.9612406
1393342742,1,48.8882566,17.9614994
1442400149,0,48.8925913,17.9549688
1442400149,1,48.8920838,17.9532313
1442400150,0,48.8920497,17.9531658
1442400150,1,48.892066,17.9531977
1442400150,2,48.8920838,17.9532313
1442400167,0,48.9026831,17.9523974
1442400167,1,48.902689,17.9524546
1442400167,2,48.9026917,17.952501
1442400167,3,48.902686,17.952551
1442400167,4,48.902673,17.952597
1442400167,5,48.9026507,17.9526508
1442400167,6,48.9026258,17.9526984
1442400167,7,48.9025918,17.9527382
1442400167,8,48.9025458,17.9527741
1442400167,9,48.9025041,17.9527988
1442400167,10,48.9024617,17.952819
1442400167,11,48.9023962,17.9528417
1442400167,12,48.9023023,17.9528656
1442400167,13,48.9022023,17.9528828
1442400167,14,48.9021341,17.9528836
1442400167,15,48.9019709,17.9528722
1442400167,16,48.9019309,17.9528774
1442400167,17,48.901891,17.9528893
1442400167,18,48.9017723,17.952939
1442400167,19,48.9016035,17.9530074
1442400167,20,48.9015392,17.9530219
1442400167,21,48.9015204,17.9531652
1442400167,22,48.9015059,17.953246
1442400167,23,48.9014839,17.9533007
1442400167,24,48.9014722,17.9533144
1442400167,25,48.9014525,17.9533377
1442400167,26,48.9014114,17.9533576
1442400167,27,48.9013405,17.9533688
1442400168,0,48.9013399,17.9533303
1442400168,1,48.9013405,17.9533688
1442400169,0,48.8969176,17.9547996
1442400169,1,48.8966084,17.9549493
1442400169,2,48.8965197,17.9549974
1442400169,3,48.8962725,17.9552697
1442400169,4,48.8962603,17.9552831
1442400169,5,48.8958923,17.955715
1442400169,6,48.895802,17.9558223
1442400169,7,48.895696,17.9559143
1442400169,8,48.8955991,17.9559793
1442400169,9,48.8955284,17.9560408
1442400169,10,48.8952364,17.9561487
1442400169,11,48.8950167,17.9562959
1442400169,12,48.8947842,17.9565076
1442400169,13,48.8946872,17.9565336
1442400169,14,48.8945771,17.9565295
1442400169,15,48.8944389,17.9565175
1442400169,16,48.894367,17.9565121
1442400170,0,48.9038249,17.9518355
1442400170,1,48.9038437,17.9519028
1442400171,0,48.9016719,17.9526358
1442400171,1,48.9016716,17.9526308
1442400172,0,48.9016669,17.9525359
1442400172,1,48.9016657,17.9525119
1442400173,0,48.9016716,17.9526308
1442400173,1,48.9016691,17.952581
1442400173,2,48.9016669,17.9525359
1442400174,0,48.8979801,17.9520009
1442400174,1,48.8979413,17.9519988
1442400175,0,48.8978802,17.9518801
1442400175,1,48.8978817,17.9518302
1442400175,2,48.8978821,17.9517916
1442400176,0,48.8978821,17.9517916
1442400176,1,48.8978823,17.9517772
1442400177,0,48.8979413,17.9519988
1442400177,1,48.8979321,17.9519351
1442400177,2,48.8979211,17.9519069
1442400177,3,48.8978973,17.9518995
1442400177,4,48.8978796,17.9518995
1442400177,5,48.8978802,17.9518801
1442400178,0,48.9038249,17.9518355
1442400178,1,48.9032323,17.9521255
1442400178,2,48.9029475,17.9522449
1442400178,3,48.9027359,17.9523106
1442400178,4,48.9026022,17.9523469
1442400178,5,48.9024891,17.9523776
1442400178,6,48.9019628,17.9524823
1442400178,7,48.9016657,17.9525119
1442400178,8,48.9016534,17.9525131
1442400178,9,48.9015191,17.9525158
1442400178,10,48.9013827,17.9525185
1442400178,11,48.901187,17.9525104
1442400178,12,48.9009507,17.9524903
1442400178,13,48.9006766,17.9524527
1442400178,14,48.9003971,17.9524031
1442400178,15,48.9001661,17.9523414
1442400178,16,48.8998091,17.9522409
1442400178,17,48.8993656,17.9521014
1442400178,18,48.8986841,17.9518989
1442400178,19,48.8983994,17.9518238
1442400178,20,48.8981781,17.9517876
1442400178,21,48.8979509,17.9517773
1442400181,0,48.8950186,17.9529445
1442400181,1,48.8950115,17.9529225
1442400182,0,48.8949838,17.9528368
1442400182,1,48.8949798,17.9528242
1442400183,0,48.8918659,17.9634604
1442400183,1,48.8918894,17.9633777
1442400183,2,48.8918759,17.9633236
1442400183,3,48.8918409,17.9631847
1442400183,4,48.8918094,17.9630776
1442400183,5,48.8917854,17.9630304
1442400183,6,48.8917492,17.9629784
1442400183,7,48.8916082,17.9628473
1442400183,8,48.8915368,17.9627804
1442400185,0,48.8915368,17.9627804
1442400185,1,48.891508,17.9629006
1442400185,2,48.8914752,17.9630118
1442400185,3,48.8914264,17.9631118
1442400185,4,48.8913727,17.9631776
1442400186,0,48.8915093,17.9627547
1442400186,1,48.8915368,17.9627804
1442400187,0,48.8912324,17.9613816
1442400187,1,48.8912296,17.9614483
1442400187,2,48.8912255,17.9615442
1442400193,0,48.8915424,17.9551591
1442400193,1,48.8916085,17.9552194
1442400194,0,48.8917779,17.9555751
1442400194,1,48.8916085,17.9552194
1442400195,0,48.8905828,17.9551246
1442400195,1,48.8906991,17.9555162
1442400195,2,48.8909604,17.9564466
1442400195,3,48.8913517,17.9560289
1442400195,4,48.8915918,17.9557726
1442400195,5,48.8916464,17.9557143
1442400195,6,48.8917779,17.9555751
1442400195,7,48.8921429,17.9551886
1442400195,8,48.8919066,17.9546991
1442400195,9,48.89189,17.95467
1442400195,10,48.8917364,17.954721
1442400195,11,48.8915987,17.954762
1442400195,12,48.8914507,17.954813
1442400200,0,48.8937426,17.9542455
1442400200,1,48.8937904,17.9542123
1442400200,2,48.8938074,17.9542034
1442400201,0,48.8937904,17.9542123
1442400201,1,48.8937147,17.9539236
1442400202,0,48.8943793,17.9565823
1442400202,1,48.894367,17.9565121
1442400202,2,48.8943356,17.9563703
1442400202,3,48.8942438,17.9559931
1442400202,4,48.8940845,17.9553092
1442400202,5,48.8937904,17.9542123
1442400203,0,48.8932938,17.9544698
1442400203,1,48.8932757,17.9544313
1442400204,0,48.8932359,17.9543449
1442400204,1,48.8932284,17.9543282
1442400205,0,48.8932757,17.9544313
1442400205,1,48.8932547,17.9543867
1442400205,2,48.8932359,17.9543449
1442400206,0,48.8896258,17.9587606
1442400206,1,48.8895884,17.9586714
1442400206,2,48.8900857,17.9581109
1442400206,3,48.8900981,17.9580829
1442400206,4,48.8901148,17.9580445
1442400206,5,48.8904265,17.9576918
1442400206,6,48.8906849,17.9573981
1442400206,7,48.8912205,17.9567979
1442400206,8,48.8918184,17.9561234
1442400206,9,48.8924718,17.9553924
1442400206,10,48.8926221,17.9552194
1442400207,0,48.88929,17.9589029
1442400207,1,48.8892986,17.9589218
1442400208,0,48.8892361,17.9587844
1442400208,1,48.8892556,17.9588271
1442400209,0,48.8892556,17.9588271
1442400209,1,48.8892738,17.9588672
1442400209,2,48.88929,17.9589029
1450454364,0,48.8913517,17.9560289
1450454364,1,48.8914758,17.9562262
1450454388,0,48.8916085,17.9552194
1450454388,1,48.8914997,17.9549913
1450454388,2,48.8914164,17.954824
1456180821,0,48.8906053,17.9555612
1456180821,1,48.8906415,17.9555611
1456180821,2,48.8906575,17.9555492
1456180821,3,48.8906664,17.9555426
1456180821,4,48.8906829,17.9555305
1456180821,5,48.8906991,17.9555162
1460541679,0,48.8913727,17.9631776
1460541679,1,48.8913579,17.9631978
1460541679,2,48.8912634,17.9632725
1460541679,3,48.8908242,17.9635741
1460541685,0,48.8895894,17.9642595
1460541685,1,48.8896525,17.9642297
1460541685,2,48.8897817,17.9641688
1460541685,3,48.8901065,17.9640044
1460541685,4,48.8904407,17.9637826
1460541685,5,48.8907258,17.9635971
1460541685,6,48.8908242,17.9635741
1460546523,0,48.8920386,17.9599579
1460546523,1,48.8920579,17.9600508
1460546523,2,48.8921554,17.960298
1460546523,3,48.8921664,17.960326
1460546523,4,48.8921949,17.9603821
1460546526,0,48.8920373,17.9631562
1460546526,1,48.8920318,17.9632403
1460546526,2,48.8920115,17.963282
1460546526,3,48.8919816,17.9633221
1460975047,0,48.8879114,17.9497759
1460975047,1,48.8878821,17.9497779
1460975047,2,48.8877084,17.9497692
1460975047,3,48.8874138,17.9496847
1460975047,4,48.8872913,17.9497156
1460975047,5,48.8871731,17.9496928
1460975047,6,48.8870488,17.9495707
1460975047,7,48.8868786,17.9495198
1460975047,8,48.8867913,17.9494614
1460975047,9,48.8867026,17.9493742
1460975047,10,48.886679,17.9494255
1460975048,0,48.8884844,17.95278
1460975048,1,48.8884292,17.9526291
1460975048,2,48.8883027,17.9521986
1460975048,3,48.8882264,17.9519163
1460975048,4,48.8881629,17.9516105
1460975048,5,48.8881475,17.9513799
1460975048,6,48.8881312,17.9512256
1460975048,7,48.8881083,17.9511103
1460975048,8,48.8880589,17.9508602
1460975048,9,48.8880236,17.9505779
1460975048,10,48.8879817,17.9499979
1460975048,11,48.8879817,17.949849
1460975048,12,48.8879654,17.9497933
1460975048,13,48.8879354,17.9497759
1460975048,14,48.8879114,17.9497759
1460975049,0,48.8893044,17.9551913
1460975049,1,48.8892423,17.9549257
1460975049,2,48.8891576,17.9546763
1460975049,3,48.8890342,17.9543263
1460975049,4,48.8889702,17.9541647
1460975049,5,48.8888997,17.9539809
1460975049,6,48.8888424,17.9538227
1460975049,7,48.8888027,17.9536846
1460975049,8,48.8887515,17.9533969
1460975049,9,48.8887075,17.9531823
1460975049,10,48.8886647,17.9529838
1460975049,11,48.8886387,17.9529074
1460975049,12,48.8886127,17.9528584
1460975049,13,48.8885492,17.9527847
1460975049,14,48.8884844,17.95278
1461080960,0,48.8957026,17.9558437
1461080960,1,48.8956932,17.9558168
1461080960,2,48.8956889,17.9558048
1461080960,3,48.8957739,17.9556728
1461080961,0,48.8937147,17.9539236
1461080961,1,48.8936955,17.953868
1461080961,2,48.8935842,17.9535242
1461080961,3,48.8934565,17.9530958
1461080961,4,48.8932667,17.9522609
1461080963,0,48.8920485,17.9532261
1461080963,1,48.890435,17.9546074
1461080963,2,48.8903235,17.9547018
1461080963,3,48.89028,17.9547385
1461080963,4,48.8898509,17.9551001
1461080963,5,48.8893131,17.9555534
1461479772,0,48.8944146,17.956582
1461479772,1,48.894367,17.9565121
1461479773,0,48.8893044,17.9551913
1461479773,1,48.8892678,17.9552885
1461479774,0,48.8944663,17.9568488
1461479774,1,48.8944241,17.9568421
1461479775,0,48.8944663,17.9568488
1461479775,1,48.8944146,17.956582
1502273267,0,48.8830908,17.9660763
1502273267,1,48.8832673,17.9660101
1502273267,2,48.8836698,17.9658919
1502273268,0,48.8830087,17.9661071
1502273268,1,48.8830908,17.9660763
1530084088,0,48.8949538,17.9528397
1530084088,1,48.8947012,17.9530255
1530084089,0,48.8947012,17.9530255
1530084089,1,48.8946678,17.9530409
1530084089,2,48.8946464,17.9530506
1530084094,0,48.8937069,17.9538579
1530084094,1,48.8936955,17.953868
1530084104,0,48.8932591,17.9542974
1530084104,1,48.8932284,17.9543282
1530084104,2,48.8931816,17.9543611
1530084104,3,48.8931193,17.9544096
1530084104,4,48.8930609,17.9544713
1530084104,5,48.8929301,17.9546184
1530084104,6,48.8928911,17.9546868
1530084104,7,48.8928551,17.9547255
1530084104,8,48.8928078,17.9547674
1530084104,9,48.8927769,17.9547768
1530084105,0,48.8936955,17.953868
1530084105,1,48.8936256,17.9539155
1530084105,2,48.8936003,17.9539472
1530084105,3,48.8933872,17.9541692
1530084105,4,48.8932591,17.9542974
